config,min_size,min_samples,metric,eps,min_df,max_df,Silhouette Score,Topic Coherence,Total Topics
1,10,10,cosine,0.5,2,300,0.06409495,0.56067982849142,12
2,10,10,cosine,0.5,2,400,0.05983896,0.605655245396525,11
3,10,10,cosine,0.5,2,500,0.05666559,0.636155049529612,10
4,10,10,cosine,0.5,2,600,0.058860462,0.60338735699186,10
5,10,10,cosine,0.5,2,700,0.05404314,0.621991193671685,10
6,10,10,cosine,0.5,3,300,0.061736263,0.587628082829975,12
7,10,10,cosine,0.5,3,400,0.071650125,0.5783784475779,13
8,10,10,cosine,0.5,3,500,0.06273088,0.562945100021093,10
9,10,10,cosine,0.5,3,600,0.0605793,0.617218769314546,11
10,10,10,cosine,0.5,3,700,0.059898738,0.633167098077625,9
11,10,10,cosine,0.5,4,300,0.045213923,0.528470752488553,8
12,10,10,cosine,0.5,4,400,0.06580892,0.575402909597018,12
13,10,10,cosine,0.5,4,500,0.053582817,0.56715433221979,9
14,10,10,cosine,0.5,4,600,0.05293381,0.516062312842274,10
15,10,10,cosine,0.5,4,700,0.05496917,0.574673189395243,10
16,10,10,cosine,0.5,5,300,0.063741826,0.579574642410937,11
17,10,10,cosine,0.5,5,400,0.05527264,0.596938810222584,9
18,10,10,cosine,0.5,5,500,0.06302003,0.551861556789799,12
19,10,10,cosine,0.5,5,600,0.055001352,0.515273625443799,10
20,10,10,cosine,0.5,5,700,0.05612096,0.575054859970735,9
21,10,10,cosine,0.6,2,300,0.048371226,0.581361357959382,12
22,10,10,cosine,0.6,2,400,0.055257875,0.543819520565158,13
23,10,10,cosine,0.6,2,500,0.052131273,0.540322025953485,13
24,10,10,cosine,0.6,2,600,0.05701226,0.555409634834042,13
25,10,10,cosine,0.6,2,700,0.053418525,0.545437093154258,13
26,10,10,cosine,0.6,3,300,0.0551808,0.550575111969518,12
27,10,10,cosine,0.6,3,400,0.05652183,0.59691747465789,12
28,10,10,cosine,0.6,3,500,0.047810692,0.562039912763201,11
29,10,10,cosine,0.6,3,600,0.058640856,0.539378686169865,13
30,10,10,cosine,0.6,3,700,0.053690374,0.547611685572404,12
31,10,10,cosine,0.6,4,300,0.05709032,0.556403160564082,12
32,10,10,cosine,0.6,4,400,0.04410864,0.53738646888479,10
33,10,10,cosine,0.6,4,500,0.056971215,0.568281837012169,12
34,10,10,cosine,0.6,4,600,0.056637242,0.544893003955012,12
35,10,10,cosine,0.6,4,700,0.05413026,0.55722627548109,12
36,10,10,cosine,0.6,5,300,0.043091808,0.536837844640166,11
37,10,10,cosine,0.6,5,400,0.0549183,0.50978598374713,13
38,10,10,cosine,0.6,5,500,0.05808349,0.545836136173433,12
39,10,10,cosine,0.6,5,600,0.04212733,0.496730584676483,11
40,10,10,cosine,0.6,5,700,0.05770391,0.493561090480851,13
41,10,10,cosine,0.7,2,300,0.05576564,0.554007644992389,14
42,10,10,cosine,0.7,2,400,0.04667384,0.545786103376579,14
43,10,10,cosine,0.7,2,500,0.050841097,0.554259369210833,13
44,10,10,cosine,0.7,2,600,0.05877391,0.558963677008933,13
45,10,10,cosine,0.7,2,700,0.052999478,0.555636516158617,13
46,10,10,cosine,0.7,3,300,0.047379576,0.538341682830203,13
47,10,10,cosine,0.7,3,400,0.052815337,0.533101501254102,13
48,10,10,cosine,0.7,3,500,0.04211413,0.519107674591764,12
49,10,10,cosine,0.7,3,600,0.046210784,0.502410971873816,13
50,10,10,cosine,0.7,3,700,0.043507937,0.532892165203211,13
51,10,10,cosine,0.7,4,300,0.04868614,0.524794705161531,12
52,10,10,cosine,0.7,4,400,0.047499787,0.549499062435245,12
53,10,10,cosine,0.7,4,500,0.047753237,0.527575003601169,13
54,10,10,cosine,0.7,4,600,0.051192038,0.575766636672709,14
55,10,10,cosine,0.7,4,700,0.044191286,0.534829612144872,12
56,10,10,cosine,0.7,5,300,0.057611786,0.54501591556783,13
57,10,10,cosine,0.7,5,400,0.055746432,0.536809535011357,12
58,10,10,cosine,0.7,5,500,0.04469627,0.545826690992221,12
59,10,10,cosine,0.7,5,600,0.053142037,0.531634673973669,12
60,10,10,cosine,0.7,5,700,0.048340473,0.524631773492161,13
61,10,20,cosine,0.5,2,300,0.030602308,0.635622174928364,5
62,10,20,cosine,0.5,2,400,0.0312276,0.628773045784978,5
63,10,20,cosine,0.5,2,500,0.06904903,0.604709181038211,9
64,10,20,cosine,0.5,2,600,0.072039336,0.621639764845204,9
65,10,20,cosine,0.5,2,700,0.066752836,0.605523007959864,8
66,10,20,cosine,0.5,3,300,0.03189007,0.527873568133533,5
67,10,20,cosine,0.5,3,400,0.07236474,0.533043500594652,9
68,10,20,cosine,0.5,3,500,0.031974144,0.538772258039711,5
69,10,20,cosine,0.5,3,600,0.031420562,0.527873568133533,5
70,10,20,cosine,0.5,3,700,0.031518407,0.542840226445513,5
71,10,20,cosine,0.5,4,300,0.032011837,0.544794345030525,5
72,10,20,cosine,0.5,4,400,0.031078015,0.518452709942913,5
73,10,20,cosine,0.5,4,500,0.07600375,0.541327443199673,10
74,10,20,cosine,0.5,4,600,0.03263171,0.531738777437459,5
75,10,20,cosine,0.5,4,700,0.03213264,0.535325273098221,5
76,10,20,cosine,0.5,5,300,0.03150124,0.580072409010208,5
77,10,20,cosine,0.5,5,400,0.069271825,0.583171051278223,9
78,10,20,cosine,0.5,5,600,0.06620639,0.573250513255192,8
79,10,20,cosine,0.5,5,700,0.031499136,0.585382910389687,5
80,10,20,cosine,0.6,2,300,0.055095755,0.548989992893752,12
81,10,20,cosine,0.6,2,400,0.04388499,0.589912268787314,12
82,10,20,cosine,0.6,2,500,0.042551998,0.554540102355812,11
83,10,20,cosine,0.6,2,600,0.04864376,0.567725047162087,11
84,10,20,cosine,0.6,2,700,0.0454682,0.577294599725195,11
85,10,20,cosine,0.6,3,300,0.054283228,0.559274799510623,12
86,10,20,cosine,0.6,3,400,0.040526725,0.522247375954736,12
87,10,20,cosine,0.6,3,500,0.05582762,0.558475451373566,12
88,10,20,cosine,0.6,3,600,0.053660363,0.521945517078847,13
89,10,20,cosine,0.6,3,700,0.04485283,0.565561618752077,12
90,10,20,cosine,0.6,4,300,0.061052743,0.574877681373787,12
91,10,20,cosine,0.6,4,400,0.050856512,0.586647515108774,12
92,10,20,cosine,0.6,4,500,0.05408257,0.616245146595993,13
93,10,20,cosine,0.6,4,600,0.056327153,0.539051920156138,13
94,10,20,cosine,0.6,4,700,0.052985497,0.523937589136307,13
95,10,20,cosine,0.6,5,300,0.049879685,0.570208811731699,12
96,10,20,cosine,0.6,5,400,0.042701457,0.546184863604039,12
97,10,20,cosine,0.6,5,500,0.045964077,0.56320031049464,11
98,10,20,cosine,0.6,5,600,0.056569863,0.556505152822267,12
99,10,20,cosine,0.6,5,700,0.04648914,0.537185676417613,11
100,10,20,cosine,0.7,2,300,0.056514677,0.580050495476828,13
101,10,20,cosine,0.7,2,400,0.045415077,0.559820912148241,12
102,10,20,cosine,0.7,2,500,0.054605618,0.569361396122432,14
103,10,20,cosine,0.7,2,600,0.049008068,0.541175264401547,13
104,10,20,cosine,0.7,2,700,0.04434086,0.552454063402981,13
105,10,20,cosine,0.7,3,300,0.049337484,0.536088533522044,13
106,10,20,cosine,0.7,3,400,0.042658005,0.502272065463483,13
107,10,20,cosine,0.7,3,500,0.053273365,0.526826055525314,13
108,10,20,cosine,0.7,3,600,0.04978755,0.538905743147773,13
109,10,20,cosine,0.7,3,700,0.050810907,0.548742430365428,15
110,10,20,cosine,0.7,4,300,0.054484528,0.562890105073812,13
111,10,20,cosine,0.7,4,400,0.04829578,0.494751558874966,14
112,10,20,cosine,0.7,4,500,0.043951456,0.503321708322903,13
113,10,20,cosine,0.7,4,600,0.05048257,0.532658913403356,13
114,10,20,cosine,0.7,4,700,0.05032638,0.60927022698036,13
115,10,20,cosine,0.7,5,300,0.060528334,0.550141561747239,13
116,10,20,cosine,0.7,5,400,0.04965119,0.535948359470156,13
117,10,20,cosine,0.7,5,500,0.04986406,0.543876553319372,13
118,10,20,cosine,0.7,5,600,0.052973077,0.5271850756748,13
119,10,20,cosine,0.7,5,700,0.04820213,0.526953537465171,13
120,10,30,cosine,0.5,2,300,0.031495314,0.622079284507644,3
121,10,30,cosine,0.5,2,400,0.030935353,0.622079284507644,3
122,10,30,cosine,0.5,2,500,0.032114808,0.634481213054431,3
123,10,30,cosine,0.5,2,600,0.031910975,0.604894904799741,3
124,10,30,cosine,0.5,2,700,0.03048424,0.622079284507644,3
125,10,30,cosine,0.5,3,300,0.03157451,0.548896918866806,3
126,10,30,cosine,0.5,3,400,0.03180422,0.528834259777841,3
127,10,30,cosine,0.5,3,500,0.032015562,0.548545654988385,3
128,10,30,cosine,0.5,3,600,0.03285671,0.548545654988385,3
129,10,30,cosine,0.5,3,700,0.06649207,0.569605663404533,8
130,10,30,cosine,0.5,5,300,0.06532638,0.607263090240275,7
131,10,30,cosine,0.5,5,600,0.06978105,0.538038802763357,7
132,10,30,cosine,0.6,2,300,0.052738708,0.585906439092507,12
133,10,30,cosine,0.6,2,400,0.04546504,0.544784566015109,11
134,10,30,cosine,0.6,2,500,0.059038665,0.612018363621981,12
135,10,30,cosine,0.6,2,600,0.045335997,0.565627943923056,11
136,10,30,cosine,0.6,2,700,0.048389353,0.553472613383454,11
137,10,30,cosine,0.6,3,300,0.05450518,0.580741780876102,13
138,10,30,cosine,0.6,3,400,0.054075558,0.552312365071926,13
139,10,30,cosine,0.6,3,500,0.05154402,0.55316944919661,11
140,10,30,cosine,0.6,3,600,0.054684453,0.560020527600644,12
141,10,30,cosine,0.6,3,700,0.0407626,0.546965358103281,11
142,10,30,cosine,0.6,4,300,0.045762505,0.513985089587168,12
143,10,30,cosine,0.6,4,400,0.043494154,0.524711803320082,11
144,10,30,cosine,0.6,4,500,0.048917223,0.574777568542094,12
145,10,30,cosine,0.6,4,600,0.058594227,0.550112866408738,13
146,10,30,cosine,0.6,4,700,0.053023677,0.588343327876286,12
147,10,30,cosine,0.6,5,300,0.055112734,0.548472802961911,13
148,10,30,cosine,0.6,5,400,0.044223055,0.56385843095103,10
149,10,30,cosine,0.6,5,500,0.04670655,0.528028116714118,11
150,10,30,cosine,0.6,5,600,0.05203356,0.56333692839002,14
151,10,30,cosine,0.6,5,700,0.041099288,0.537482694546295,12
152,10,30,cosine,0.7,2,300,0.04468831,0.561875633305267,11
153,10,30,cosine,0.7,2,400,0.05200203,0.559177662366797,13
154,10,30,cosine,0.7,2,500,0.04469511,0.545118098028603,11
155,10,30,cosine,0.7,2,600,0.053354666,0.549280179651539,13
156,10,30,cosine,0.7,2,700,0.048639253,0.578313667516691,13
157,10,30,cosine,0.7,3,300,0.048617397,0.496030421259458,13
158,10,30,cosine,0.7,3,400,0.0487821,0.548221645975791,12
159,10,30,cosine,0.7,3,500,0.053289607,0.575836499592832,14
160,10,30,cosine,0.7,3,600,0.044345126,0.519380484828726,12
161,10,30,cosine,0.7,3,700,0.0484841,0.503941153359093,14
162,10,30,cosine,0.7,4,300,0.051344387,0.568766240689104,12
163,10,30,cosine,0.7,4,400,0.041610204,0.49375988494891,12
164,10,30,cosine,0.7,4,500,0.048587147,0.517045194360786,14
165,10,30,cosine,0.7,4,600,0.04464776,0.535225725264499,12
166,10,30,cosine,0.7,4,700,0.047741883,0.566230950295819,13
167,10,30,cosine,0.7,5,300,0.041194886,0.518744479233471,12
168,10,30,cosine,0.7,5,400,0.047097303,0.532793689312269,12
169,10,30,cosine,0.7,5,500,0.045778085,0.518218643607581,12
170,10,30,cosine,0.7,5,600,0.05305325,0.529553981202792,13
171,10,30,cosine,0.7,5,700,0.042870943,0.543817625392192,12
172,20,10,cosine,0.5,2,300,0.06553089,0.66757603530797,10
173,20,10,cosine,0.5,2,400,0.058927637,0.652312782736181,10
174,20,10,cosine,0.5,2,500,0.063019305,0.637102802229602,11
175,20,10,cosine,0.5,2,600,0.058873918,0.610488097701981,12
176,20,10,cosine,0.5,2,700,0.061048582,0.625959559338625,11
177,20,10,cosine,0.5,3,300,0.056721043,0.609739220576478,10
178,20,10,cosine,0.5,3,400,0.061331954,0.598490624348577,11
179,20,10,cosine,0.5,3,500,0.060814124,0.623671683138349,11
180,20,10,cosine,0.5,3,600,0.07618731,0.574898306318049,12
181,20,10,cosine,0.5,3,700,0.060370836,0.614476491723856,10
182,20,10,cosine,0.5,4,300,0.06342073,0.54079867847988,11
183,20,10,cosine,0.5,4,400,0.0650006,0.557549286419738,12
184,20,10,cosine,0.5,4,500,0.06862663,0.584655219923189,9
185,20,10,cosine,0.5,4,600,0.05799715,0.542666660799303,11
186,20,10,cosine,0.5,4,700,0.05467005,0.606213576028881,10
187,20,10,cosine,0.5,5,300,0.07021101,0.537873749182378,12
188,20,10,cosine,0.5,5,400,0.059940223,0.553719322068083,11
189,20,10,cosine,0.5,5,500,0.07181055,0.557985584321788,12
190,20,10,cosine,0.5,5,600,0.072232336,0.550510266922698,12
191,20,10,cosine,0.5,5,700,0.061663013,0.536588332828658,11
192,20,10,cosine,0.6,2,300,0.05619091,0.57080206554772,13
193,20,10,cosine,0.6,2,400,0.0572242,0.582302355299847,12
194,20,10,cosine,0.6,2,500,0.05487258,0.582150311204575,13
195,20,10,cosine,0.6,2,600,0.05850647,0.587092140439273,12
196,20,10,cosine,0.6,2,700,0.05252832,0.562385046108775,12
197,20,10,cosine,0.6,3,300,0.039799552,0.529808042570826,12
198,20,10,cosine,0.6,3,400,0.04931063,0.548790132644974,12
199,20,10,cosine,0.6,3,500,0.04694966,0.560851868846459,12
200,20,10,cosine,0.6,3,600,0.047521845,0.56771948842425,12
201,20,10,cosine,0.6,3,700,0.054142985,0.549615803718143,12
202,20,10,cosine,0.6,4,300,0.040384434,0.491101556591475,12
203,20,10,cosine,0.6,4,400,0.053786308,0.517629942893258,12
204,20,10,cosine,0.6,4,500,0.044184398,0.513432236126834,12
205,20,10,cosine,0.6,4,600,0.054845165,0.565923966561733,12
206,20,10,cosine,0.6,4,700,0.047054503,0.51079504297394,12
207,20,10,cosine,0.6,5,300,0.056347653,0.546976816337989,13
208,20,10,cosine,0.6,5,400,0.04307707,0.532691543981582,11
209,20,10,cosine,0.6,5,500,0.04281103,0.536601247277021,11
210,20,10,cosine,0.6,5,600,0.048237383,0.532668322198641,11
211,20,10,cosine,0.6,5,700,0.042779736,0.52755415339787,11
212,20,10,cosine,0.7,2,300,0.054571968,0.569245397256129,13
213,20,10,cosine,0.7,2,400,0.047536187,0.554621678485039,14
214,20,10,cosine,0.7,2,500,0.055139307,0.56158799839774,13
215,20,10,cosine,0.7,2,600,0.050703533,0.544021382386934,14
216,20,10,cosine,0.7,2,700,0.0543191,0.56043065378867,13
217,20,10,cosine,0.7,3,300,0.047825374,0.531210727745025,13
218,20,10,cosine,0.7,3,400,0.05428866,0.537373679006329,13
219,20,10,cosine,0.7,3,500,0.0523648,0.549124002095322,14
220,20,10,cosine,0.7,3,600,0.04557077,0.534820089789987,12
221,20,10,cosine,0.7,3,700,0.05330785,0.555018545983715,13
222,20,10,cosine,0.7,4,300,0.050005544,0.580886314611393,13
223,20,10,cosine,0.7,4,400,0.044180308,0.520879958206253,11
224,20,10,cosine,0.7,4,500,0.05672476,0.583083194617086,14
225,20,10,cosine,0.7,4,600,0.04257869,0.52962502693755,12
226,20,10,cosine,0.7,4,700,0.052662045,0.570203580679515,13
227,20,10,cosine,0.7,5,300,0.05063822,0.502324166176646,13
228,20,10,cosine,0.7,5,400,0.046145782,0.527175639416365,14
229,20,10,cosine,0.7,5,500,0.058022782,0.564898979619831,13
230,20,10,cosine,0.7,5,600,0.050024886,0.522397297816507,14
231,20,10,cosine,0.7,5,700,0.05304685,0.536602120209934,13
232,20,20,cosine,0.5,2,300,0.07478795,0.627450484896128,9
233,20,20,cosine,0.5,2,400,0.030594934,0.650424234275612,4
234,20,20,cosine,0.5,2,500,0.031078015,0.629838775904084,5
235,20,20,cosine,0.5,2,600,0.03196893,0.639878470310969,5
236,20,20,cosine,0.5,2,700,0.06780642,0.627037266626652,9
237,20,20,cosine,0.5,3,300,0.06530073,0.521266780958515,8
238,20,20,cosine,0.5,3,400,0.059812386,0.51229048291761,9
239,20,20,cosine,0.5,3,500,0.030924177,0.544604638695807,5
240,20,20,cosine,0.5,3,600,0.03194158,0.538772258039711,5
241,20,20,cosine,0.5,3,700,0.031586777,0.527263098765964,5
242,20,20,cosine,0.5,4,300,0.070297144,0.505922064396912,9
243,20,20,cosine,0.5,4,400,0.031690363,0.509897900980616,5
244,20,20,cosine,0.5,4,500,0.06754725,0.563046968844127,8
245,20,20,cosine,0.5,4,600,0.032707937,0.542557645361121,5
246,20,20,cosine,0.5,4,700,0.031583745,0.531993737514575,5
247,20,20,cosine,0.5,5,300,0.06610557,0.604669067218783,9
248,20,20,cosine,0.5,5,400,0.032920305,0.576986989781684,5
249,20,20,cosine,0.5,5,500,0.068668395,0.56789445305227,9
250,20,20,cosine,0.5,5,600,0.031678136,0.581662186222609,5
251,20,20,cosine,0.5,5,700,0.032613553,0.561204173006696,5
252,20,20,cosine,0.6,2,300,0.05983246,0.567720231768496,13
253,20,20,cosine,0.6,2,400,0.05526146,0.563289528831737,12
254,20,20,cosine,0.6,2,500,0.043373026,0.538516164477785,11
255,20,20,cosine,0.6,2,600,0.059760317,0.589456488963127,12
256,20,20,cosine,0.6,2,700,0.06344269,0.598849390072658,13
257,20,20,cosine,0.6,3,300,0.04209996,0.552678876999164,12
258,20,20,cosine,0.6,3,400,0.051418774,0.547809760656928,13
259,20,20,cosine,0.6,3,500,0.049269963,0.531722653796433,12
260,20,20,cosine,0.6,3,600,0.054893795,0.576035400626586,12
261,20,20,cosine,0.6,3,700,0.042122763,0.528544193111875,11
262,20,20,cosine,0.6,4,300,0.05546923,0.513594153626317,13
263,20,20,cosine,0.6,4,400,0.05466096,0.493872570888018,12
264,20,20,cosine,0.6,4,500,0.05358781,0.586777973660152,12
265,20,20,cosine,0.6,4,600,0.05721244,0.587152898533724,13
266,20,20,cosine,0.6,4,700,0.05576228,0.545722884254089,12
267,20,20,cosine,0.6,5,300,0.05570806,0.553525840825455,12
268,20,20,cosine,0.6,5,400,0.043544404,0.564060618474445,11
269,20,20,cosine,0.6,5,500,0.05209314,0.537536956121968,13
270,20,20,cosine,0.6,5,600,0.05196946,0.535150256642255,13
271,20,20,cosine,0.6,5,700,0.04143141,0.557943091892682,11
272,20,20,cosine,0.7,2,300,0.045475658,0.5461981820512,13
273,20,20,cosine,0.7,2,400,0.050366066,0.557750679721412,14
274,20,20,cosine,0.7,2,500,0.04991404,0.551497162532847,12
275,20,20,cosine,0.7,2,600,0.047309283,0.539563729744107,15
276,20,20,cosine,0.7,2,700,0.048874635,0.554857395227754,13
277,20,20,cosine,0.7,3,300,0.048379738,0.517291684373502,14
278,20,20,cosine,0.7,3,400,0.04313709,0.543472115879611,12
279,20,20,cosine,0.7,3,500,0.041244198,0.553981036536696,13
280,20,20,cosine,0.7,3,600,0.051216993,0.523593237404863,14
281,20,20,cosine,0.7,3,700,0.042742852,0.545362166059458,12
282,20,20,cosine,0.7,4,300,0.044040963,0.534100914887402,12
283,20,20,cosine,0.7,4,400,0.051326733,0.579206714083264,13
284,20,20,cosine,0.7,4,500,0.047662802,0.524875531604085,13
285,20,20,cosine,0.7,4,600,0.052599415,0.535359725212349,13
286,20,20,cosine,0.7,4,700,0.054064438,0.546476994981161,13
287,20,20,cosine,0.7,5,300,0.054137588,0.537913771521639,13
288,20,20,cosine,0.7,5,400,0.05126866,0.535546217079869,13
289,20,20,cosine,0.7,5,500,0.052532278,0.511473548972084,13
290,20,20,cosine,0.7,5,600,0.053347737,0.557660066940377,13
291,20,20,cosine,0.7,5,700,0.04243504,0.537146397045444,11
292,20,30,cosine,0.5,2,300,0.029992368,0.604894904799741,2
293,20,30,cosine,0.5,2,400,0.03280945,0.604894904799741,3
294,20,30,cosine,0.5,2,500,0.033017118,0.604894904799741,3
295,20,30,cosine,0.5,2,600,0.072672576,0.634870384060194,7
296,20,30,cosine,0.5,2,700,0.03261769,0.634481213054431,3
297,20,30,cosine,0.5,3,300,0.03157451,0.548896918866806,3
298,20,30,cosine,0.5,3,400,0.03213709,0.52172200989111,3
299,20,30,cosine,0.5,4,400,0.059529223,0.598861242971322,6
300,20,30,cosine,0.5,4,700,0.0772184,0.524887530655123,7
301,20,30,cosine,0.5,5,400,0.07006192,0.546545455731993,7
302,20,30,cosine,0.5,5,500,0.07565656,0.536679045481793,8
303,20,30,cosine,0.5,5,700,0.06948319,0.542665572998447,7
304,20,30,cosine,0.6,2,300,0.04753946,0.558056663562127,12
305,20,30,cosine,0.6,2,400,0.055279057,0.619945614257015,13
306,20,30,cosine,0.6,2,500,0.05330176,0.584926084021423,12
307,20,30,cosine,0.6,2,600,0.04832123,0.5596159977809,11
308,20,30,cosine,0.6,2,700,0.054260336,0.596089262967252,13
309,20,30,cosine,0.6,3,300,0.056999918,0.539106279039912,13
310,20,30,cosine,0.6,3,400,0.050369125,0.560461952992111,12
311,20,30,cosine,0.6,3,500,0.060458485,0.545315113223148,13
312,20,30,cosine,0.6,3,600,0.051938586,0.540126208338819,12
313,20,30,cosine,0.6,3,700,0.05124597,0.570485883854323,12
314,20,30,cosine,0.6,4,300,0.05651113,0.570619962943423,12
315,20,30,cosine,0.6,4,400,0.053585693,0.554125993117927,12
316,20,30,cosine,0.6,4,500,0.055320825,0.565225605550702,13
317,20,30,cosine,0.6,4,600,0.04534637,0.550820767808434,11
318,20,30,cosine,0.6,4,700,0.05726545,0.572693082733075,14
319,20,30,cosine,0.6,5,300,0.058260456,0.544062960852623,12
320,20,30,cosine,0.6,5,400,0.053758055,0.553012302364519,13
321,20,30,cosine,0.6,5,500,0.046271313,0.561540587801894,11
322,20,30,cosine,0.6,5,600,0.046811413,0.573436387255275,11
323,20,30,cosine,0.6,5,700,0.041253526,0.554771915656801,11
324,20,30,cosine,0.7,2,300,0.040000983,0.580535128198992,12
325,20,30,cosine,0.7,2,400,0.039750427,0.519201592106041,12
326,20,30,cosine,0.7,2,500,0.054444265,0.56387433097151,13
327,20,30,cosine,0.7,2,600,0.05536666,0.54980245598078,15
328,20,30,cosine,0.7,2,700,0.046714514,0.561679149302578,13
329,20,30,cosine,0.7,3,300,0.05318935,0.49836664105003,13
330,20,30,cosine,0.7,3,400,0.04432223,0.561986712333153,12
331,20,30,cosine,0.7,3,500,0.052943453,0.5506965855995,13
332,20,30,cosine,0.7,3,600,0.054627504,0.557807660506632,12
333,20,30,cosine,0.7,3,700,0.050978247,0.553992317284633,12
334,20,30,cosine,0.7,4,300,0.043805685,0.560456373353749,13
335,20,30,cosine,0.7,4,400,0.047121618,0.539316206618762,12
336,20,30,cosine,0.7,4,500,0.053450942,0.523806951747001,14
337,20,30,cosine,0.7,4,600,0.046025053,0.526641375335139,12
338,20,30,cosine,0.7,4,700,0.04420363,0.525659729465211,12
339,20,30,cosine,0.7,5,300,0.053616855,0.552998782699675,13
340,20,30,cosine,0.7,5,400,0.050499137,0.552173394081307,13
341,20,30,cosine,0.7,5,500,0.0438121,0.554529672697086,12
342,20,30,cosine,0.7,5,600,0.051927257,0.555513543414249,14
343,20,30,cosine,0.7,5,700,0.051707614,0.532238822059023,12
344,30,10,cosine,0.5,2,300,0.06384684,0.656319707781208,11
345,30,10,cosine,0.5,2,400,0.06480092,0.640122118130598,10
346,30,10,cosine,0.5,2,500,0.05865462,0.613147715798923,11
347,30,10,cosine,0.5,2,600,0.060945466,0.634134895439841,11
348,30,10,cosine,0.5,2,700,0.05542759,0.55792510489999,10
349,30,10,cosine,0.5,3,300,0.051005725,0.627533217542622,9
350,30,10,cosine,0.5,3,400,0.059404366,0.605817901459311,11
351,30,10,cosine,0.5,3,500,0.06303471,0.601007308225216,11
352,30,10,cosine,0.5,3,600,0.060497046,0.588586792310036,12
353,30,10,cosine,0.5,3,700,0.06311834,0.566215220702707,10
354,30,10,cosine,0.5,4,300,0.065488406,0.56104410656789,12
355,30,10,cosine,0.5,4,400,0.059858438,0.567976072272287,11
356,30,10,cosine,0.5,4,500,0.059913926,0.600197266173287,11
357,30,10,cosine,0.5,4,600,0.06252847,0.577492961867218,11
358,30,10,cosine,0.5,4,700,0.07175801,0.583786520773845,12
359,30,10,cosine,0.5,5,300,0.055571236,0.606126480950412,9
360,30,10,cosine,0.5,5,400,0.06416418,0.559469270856627,10
361,30,10,cosine,0.5,5,500,0.0634515,0.561444253800364,11
362,30,10,cosine,0.5,5,600,0.055277422,0.588414841735339,9
363,30,10,cosine,0.5,5,700,0.05742066,0.552627983235242,10
364,30,10,cosine,0.6,2,300,0.053800885,0.537176559612307,13
365,30,10,cosine,0.6,2,400,0.05513733,0.584032091896355,14
366,30,10,cosine,0.6,2,500,0.0516963,0.594650260003289,12
367,30,10,cosine,0.6,2,600,0.049611196,0.578034973197364,11
368,30,10,cosine,0.6,2,700,0.054043666,0.575303099761209,12
369,30,10,cosine,0.6,3,300,0.056343254,0.528964541715401,13
370,30,10,cosine,0.6,3,400,0.059020493,0.561149809014229,14
371,30,10,cosine,0.6,3,500,0.05568311,0.528045255519586,12
372,30,10,cosine,0.6,3,600,0.051735345,0.540232017007709,12
373,30,10,cosine,0.6,3,700,0.042725116,0.546534456631412,11
374,30,10,cosine,0.6,4,300,0.041061576,0.502685164037336,12
375,30,10,cosine,0.6,4,400,0.054757573,0.561985525675639,12
376,30,10,cosine,0.6,4,500,0.045435727,0.515499718710905,12
377,30,10,cosine,0.6,4,600,0.05563864,0.580237651560887,12
378,30,10,cosine,0.6,4,700,0.055164937,0.520282142505202,13
379,30,10,cosine,0.6,5,300,0.058952574,0.548519786179608,12
380,30,10,cosine,0.6,5,400,0.06033844,0.510135559272225,13
381,30,10,cosine,0.6,5,500,0.052216437,0.537183276088338,12
382,30,10,cosine,0.6,5,600,0.05899442,0.5482501017796,13
383,30,10,cosine,0.6,5,700,0.046712615,0.528283430567863,11
384,30,10,cosine,0.7,2,300,0.051636964,0.565333569862623,13
385,30,10,cosine,0.7,2,400,0.053379074,0.559427367797914,13
386,30,10,cosine,0.7,2,500,0.052011564,0.539987776526603,14
387,30,10,cosine,0.7,2,600,0.048314296,0.550964201794809,13
388,30,10,cosine,0.7,2,700,0.05622409,0.551684467794933,15
389,30,10,cosine,0.7,3,300,0.052460093,0.538620943352558,13
390,30,10,cosine,0.7,3,400,0.05590282,0.561532180149213,15
391,30,10,cosine,0.7,3,500,0.051711153,0.517411677060354,14
392,30,10,cosine,0.7,3,600,0.047843162,0.547955895392067,12
393,30,10,cosine,0.7,3,700,0.056073476,0.591522037344028,14
394,30,10,cosine,0.7,4,300,0.038201377,0.48237152996244,12
395,30,10,cosine,0.7,4,400,0.042188678,0.555159988122717,13
396,30,10,cosine,0.7,4,500,0.055508427,0.507091034644476,14
397,30,10,cosine,0.7,4,600,0.04304799,0.522051371568208,12
398,30,10,cosine,0.7,4,700,0.05656052,0.531359823143955,13
399,30,10,cosine,0.7,5,300,0.056106165,0.552351087252912,13
400,30,10,cosine,0.7,5,400,0.051811036,0.549646701169753,13
401,30,10,cosine,0.7,5,500,0.05306881,0.536357095455082,13
402,30,10,cosine,0.7,5,600,0.052292377,0.531742996670789,13
403,30,10,cosine,0.7,5,700,0.056015987,0.524722700686468,13
404,30,20,cosine,0.5,2,300,0.03175959,0.639878470310969,5
405,30,20,cosine,0.5,2,400,0.031543,0.644979591004705,5
406,30,20,cosine,0.5,2,500,0.03182915,0.640772277253917,5
407,30,20,cosine,0.5,2,600,0.07835566,0.561046873727727,10
408,30,20,cosine,0.5,2,700,0.0313688,0.645661869335248,5
409,30,20,cosine,0.5,3,300,0.032331713,0.523112463830416,5
410,30,20,cosine,0.5,3,400,0.032290358,0.538772258039711,5
411,30,20,cosine,0.5,3,500,0.07318501,0.52769290024062,9
412,30,20,cosine,0.5,3,600,0.030680925,0.522469789049583,5
413,30,20,cosine,0.5,3,700,0.073777184,0.507775302243962,9
414,30,20,cosine,0.5,4,300,0.07155609,0.496150148265404,10
415,30,20,cosine,0.5,4,400,0.032178342,0.54898683192849,5
416,30,20,cosine,0.5,4,500,0.032115303,0.510376779601022,5
417,30,20,cosine,0.5,4,600,0.031361856,0.52202818741289,5
418,30,20,cosine,0.5,4,700,0.06724657,0.506991908928473,9
419,30,20,cosine,0.5,5,300,0.030785874,0.580464985345362,5
420,30,20,cosine,0.5,5,400,0.07166832,0.561925067744426,9
421,30,20,cosine,0.5,5,500,0.031502422,0.548885198240064,5
422,30,20,cosine,0.5,5,600,0.031154921,0.565284319422406,5
423,30,20,cosine,0.5,5,700,0.03150435,0.561056522338789,5
424,30,20,cosine,0.6,2,300,0.05716662,0.579511900861301,12
425,30,20,cosine,0.6,2,400,0.049288273,0.601141446970919,12
426,30,20,cosine,0.6,2,500,0.04806813,0.551355029989162,12
427,30,20,cosine,0.6,2,600,0.041966558,0.533667011751241,11
428,30,20,cosine,0.6,2,700,0.056772273,0.570885018518316,12
429,30,20,cosine,0.6,3,300,0.054727726,0.562445705009151,12
430,30,20,cosine,0.6,3,400,0.049505133,0.546251969637973,12
431,30,20,cosine,0.6,3,500,0.050542485,0.559575261702318,12
432,30,20,cosine,0.6,3,600,0.055671524,0.535994817371166,12
433,30,20,cosine,0.6,3,700,0.05548473,0.534916493371587,12
434,30,20,cosine,0.6,4,300,0.053390283,0.558512696179877,12
435,30,20,cosine,0.6,4,400,0.052458778,0.530365008566055,12
436,30,20,cosine,0.6,4,500,0.044257414,0.547185165761972,11
437,30,20,cosine,0.6,4,600,0.055273965,0.583567871163308,13
438,30,20,cosine,0.6,4,700,0.057815973,0.582127677638268,12
439,30,20,cosine,0.6,5,300,0.05578967,0.516900915790388,13
440,30,20,cosine,0.6,5,400,0.057189293,0.558937819113482,13
441,30,20,cosine,0.6,5,500,0.05602877,0.560585222329305,13
442,30,20,cosine,0.6,5,600,0.05507835,0.542549534452142,12
443,30,20,cosine,0.6,5,700,0.041685708,0.551597460500158,11
444,30,20,cosine,0.7,2,300,0.039997004,0.527138978624011,12
445,30,20,cosine,0.7,2,400,0.05335641,0.591734600709115,13
446,30,20,cosine,0.7,2,500,0.051832862,0.543754402084723,13
447,30,20,cosine,0.7,2,600,0.04242008,0.571158224014928,13
448,30,20,cosine,0.7,2,700,0.051351164,0.556444341573158,14
449,30,20,cosine,0.7,3,300,0.053023435,0.543674152577327,13
450,30,20,cosine,0.7,3,400,0.047005158,0.537704954115914,12
451,30,20,cosine,0.7,3,500,0.046714824,0.536727866148142,12
452,30,20,cosine,0.7,3,600,0.04757382,0.543842119186507,13
453,30,20,cosine,0.7,3,700,0.049405348,0.532798888221874,13
454,30,20,cosine,0.7,4,300,0.043542758,0.522647858280514,12
455,30,20,cosine,0.7,4,400,0.04250327,0.531160119731561,12
456,30,20,cosine,0.7,4,500,0.054642454,0.547784798789448,13
457,30,20,cosine,0.7,4,600,0.035006747,0.518691636919974,11
458,30,20,cosine,0.7,4,700,0.04869718,0.556812421249577,13
459,30,20,cosine,0.7,5,300,0.038787175,0.523942146268869,12
460,30,20,cosine,0.7,5,400,0.04954199,0.535212718581558,12
461,30,20,cosine,0.7,5,500,0.039206665,0.535988303740844,12
462,30,20,cosine,0.7,5,600,0.052496903,0.539397456779481,13
463,30,20,cosine,0.7,5,700,0.054639436,0.501012638203722,13
464,30,30,cosine,0.5,2,300,0.03170785,0.634481213054431,3
465,30,30,cosine,0.5,2,400,0.07724103,0.608391721098902,7
466,30,30,cosine,0.5,2,500,0.030125776,0.604894904799741,2
467,30,30,cosine,0.5,2,600,0.03022796,0.622079284507644,3
468,30,30,cosine,0.5,2,700,0.07677245,0.596950620498212,7
469,30,30,cosine,0.5,3,300,0.03180422,0.528834259777841,3
470,30,30,cosine,0.5,3,400,0.07186625,0.555565204270796,7
471,30,30,cosine,0.5,3,500,0.07064539,0.56490521345454,8
472,30,30,cosine,0.5,3,600,0.03250367,0.564006833145114,3
473,30,30,cosine,0.5,4,300,0.06994123,0.54551734239955,8
474,30,30,cosine,0.5,4,500,0.06401506,0.524569159448437,8
475,30,30,cosine,0.5,5,300,0.06891765,0.53185200862146,7
476,30,30,cosine,0.5,5,600,0.07402158,0.530307154251568,7
477,30,30,cosine,0.6,2,300,0.053707365,0.576258850111909,13
478,30,30,cosine,0.6,2,400,0.05646913,0.597384668949648,12
479,30,30,cosine,0.6,2,500,0.039494053,0.529535455381069,11
480,30,30,cosine,0.6,2,600,0.042300977,0.523081836199419,12
481,30,30,cosine,0.6,2,700,0.056303434,0.591352036749997,13
482,30,30,cosine,0.6,3,300,0.047887284,0.55085953339458,12
483,30,30,cosine,0.6,3,400,0.052520372,0.547393810344633,13
484,30,30,cosine,0.6,3,500,0.017234169,0.535665100388354,7
485,30,30,cosine,0.6,3,600,0.055212427,0.572996885373267,12
486,30,30,cosine,0.6,3,700,0.05531818,0.570418187143455,12
487,30,30,cosine,0.6,4,300,0.053794447,0.551140650319733,12
488,30,30,cosine,0.6,4,400,0.038006708,0.475568448182007,12
489,30,30,cosine,0.6,4,500,0.05477767,0.543749803650105,12
490,30,30,cosine,0.6,4,600,0.04936437,0.544415477418018,11
491,30,30,cosine,0.6,4,700,0.055299602,0.580365992297241,12
492,30,30,cosine,0.6,5,300,0.055929665,0.570366608848515,13
493,30,30,cosine,0.6,5,400,0.04241194,0.549781668316216,12
494,30,30,cosine,0.6,5,500,0.058402944,0.54267182594079,13
495,30,30,cosine,0.6,5,600,0.05470572,0.549598577792325,13
496,30,30,cosine,0.6,5,700,0.05001333,0.536937211374194,13
497,30,30,cosine,0.7,2,300,0.047962558,0.582224907362887,11
498,30,30,cosine,0.7,2,400,0.05006513,0.533418144730397,14
499,30,30,cosine,0.7,2,500,0.05835528,0.580339080237375,12
500,30,30,cosine,0.7,2,600,0.0498008,0.560423392065499,14
501,30,30,cosine,0.7,2,700,0.04890033,0.536083924900622,13
502,30,30,cosine,0.7,3,300,0.05028671,0.558124735187703,13
503,30,30,cosine,0.7,3,400,0.053278323,0.549257503174007,13
504,30,30,cosine,0.7,3,500,0.056371596,0.560602435973292,13
505,30,30,cosine,0.7,3,600,0.05120256,0.510998446420835,14
506,30,30,cosine,0.7,3,700,0.039929662,0.51868174717407,12
507,30,30,cosine,0.7,4,300,0.049143925,0.557435575960946,13
508,30,30,cosine,0.7,4,400,0.051597457,0.558283662451276,14
509,30,30,cosine,0.7,4,500,0.041917574,0.533703085037245,12
510,30,30,cosine,0.7,4,600,0.04382105,0.603731451199346,11
511,30,30,cosine,0.7,4,700,0.050638363,0.521478849087341,14
512,30,30,cosine,0.7,5,300,0.04724393,0.564726185588145,13
513,30,30,cosine,0.7,5,400,0.04484156,0.569064056100978,12
514,30,30,cosine,0.7,5,500,0.05501664,0.522613145022751,13
515,30,30,cosine,0.7,5,600,0.052955776,0.541185977227065,13
516,30,30,cosine,0.7,5,700,0.046554957,0.52202057690991,12
517,40,10,cosine,0.5,2,300,0.07402989,0.603629465558528,13
518,40,10,cosine,0.5,2,400,0.06251119,0.609530629489956,11
519,40,10,cosine,0.5,2,500,0.06668968,0.647259072538121,11
520,40,10,cosine,0.5,2,600,0.06405454,0.634502641604524,11
521,40,10,cosine,0.5,2,700,0.0655363,0.631298551008894,11
522,40,10,cosine,0.5,3,300,0.060036384,0.605559975716877,11
523,40,10,cosine,0.5,3,400,0.05984258,0.55012499586811,12
524,40,10,cosine,0.5,3,500,0.05569819,0.616165753606523,10
525,40,10,cosine,0.5,3,600,0.053221524,0.576138942625965,8
526,40,10,cosine,0.5,3,700,0.060775522,0.602407643395206,10
527,40,10,cosine,0.5,4,300,0.06831699,0.586036083215104,11
528,40,10,cosine,0.5,4,400,0.06427258,0.585207801779577,11
529,40,10,cosine,0.5,4,500,0.06019224,0.563270552736733,10
530,40,10,cosine,0.5,4,600,0.06703124,0.539581642971464,11
531,40,10,cosine,0.5,4,700,0.053807918,0.592251976980223,10
532,40,10,cosine,0.5,5,300,0.06581997,0.568542607843238,12
533,40,10,cosine,0.5,5,400,0.06687025,0.606174296821988,10
534,40,10,cosine,0.5,5,500,0.063718796,0.563008690043336,11
535,40,10,cosine,0.5,5,600,0.064746365,0.570834667771718,12
536,40,10,cosine,0.5,5,700,0.0637531,0.548664245401537,12
537,40,10,cosine,0.6,2,300,0.05594951,0.577923760513512,13
538,40,10,cosine,0.6,2,400,0.05476099,0.586165255782425,12
539,40,10,cosine,0.6,2,500,0.04257061,0.536427579004466,11
540,40,10,cosine,0.6,2,600,0.0468513,0.585871488513034,12
541,40,10,cosine,0.6,2,700,0.047040094,0.601798476914605,12
542,40,10,cosine,0.6,3,300,0.05288679,0.535271856900264,13
543,40,10,cosine,0.6,3,400,0.04514209,0.54055195542454,11
544,40,10,cosine,0.6,3,500,0.053107042,0.559019128731247,12
545,40,10,cosine,0.6,3,600,0.0438362,0.512466932835234,12
546,40,10,cosine,0.6,3,700,0.053397607,0.541388494072342,12
547,40,10,cosine,0.6,4,300,0.054681916,0.554820399865594,12
548,40,10,cosine,0.6,4,400,0.044798724,0.552950089350102,12
549,40,10,cosine,0.6,4,500,0.052647006,0.536352947210606,12
550,40,10,cosine,0.6,4,600,0.04259187,0.524450886634459,12
551,40,10,cosine,0.6,4,700,0.054365862,0.528356203824102,13
552,40,10,cosine,0.6,5,300,0.047161963,0.538054116695981,12
553,40,10,cosine,0.6,5,400,0.05695657,0.528420316685545,12
554,40,10,cosine,0.6,5,500,0.04626549,0.532224348443561,12
555,40,10,cosine,0.6,5,600,0.052683078,0.52512465674764,13
556,40,10,cosine,0.6,5,700,0.053269643,0.555156353324945,13
557,40,10,cosine,0.7,2,300,0.048894774,0.592386523828868,14
558,40,10,cosine,0.7,2,400,0.050254002,0.562382812278237,12
559,40,10,cosine,0.7,2,500,0.05218486,0.537881933974548,13
560,40,10,cosine,0.7,2,600,0.051889054,0.542168920352328,13
561,40,10,cosine,0.7,2,700,0.052430958,0.568232747366886,12
562,40,10,cosine,0.7,3,300,0.05099239,0.525059677014968,13
563,40,10,cosine,0.7,3,400,0.04711502,0.539186597804416,12
564,40,10,cosine,0.7,3,500,0.05451891,0.504656209174397,14
565,40,10,cosine,0.7,3,600,0.048114978,0.564764623771467,14
566,40,10,cosine,0.7,3,700,0.03937301,0.510317152237609,14
567,40,10,cosine,0.7,4,300,0.04045074,0.528145930095695,14
568,40,10,cosine,0.7,4,400,0.046190646,0.535766725742473,12
569,40,10,cosine,0.7,4,500,0.04127641,0.490295670985261,12
570,40,10,cosine,0.7,4,600,0.050480023,0.539220726300406,13
571,40,10,cosine,0.7,4,700,0.05398023,0.559033220696448,13
572,40,10,cosine,0.7,5,300,0.050809532,0.548247685820985,14
573,40,10,cosine,0.7,5,400,0.05062936,0.523552258832703,13
574,40,10,cosine,0.7,5,500,0.04730056,0.547052213627434,14
575,40,10,cosine,0.7,5,600,0.05343667,0.520921383361834,13
576,40,10,cosine,0.7,5,700,0.052182443,0.582398318634487,14
577,40,20,cosine,0.5,2,300,0.06870352,0.586053239105273,9
578,40,20,cosine,0.5,2,400,0.031511832,0.63493989659782,5
579,40,20,cosine,0.5,2,500,0.03138108,0.635622174928364,5
580,40,20,cosine,0.5,2,600,0.030865878,0.629838775904084,5
581,40,20,cosine,0.5,2,700,0.031588826,0.640772277253917,5
582,40,20,cosine,0.5,3,300,0.029272672,0.51412168993589,3
583,40,20,cosine,0.5,3,400,0.076381765,0.524163852897486,11
584,40,20,cosine,0.5,3,500,0.031159347,0.505738718487309,5
585,40,20,cosine,0.5,3,600,0.032690305,0.53475034935655,5
586,40,20,cosine,0.5,3,700,0.029723994,0.49155162889722,4
587,40,20,cosine,0.5,4,300,0.030383466,0.530001972235271,5
588,40,20,cosine,0.5,4,400,0.03134793,0.535640514627482,5
589,40,20,cosine,0.5,4,500,0.030865883,0.530714727659824,5
590,40,20,cosine,0.5,4,600,0.07166836,0.534397251389256,9
591,40,20,cosine,0.5,4,700,0.032063916,0.553242244136949,5
592,40,20,cosine,0.5,5,300,0.0323797,0.563591958080652,5
593,40,20,cosine,0.5,5,400,0.031218413,0.58178846430597,5
594,40,20,cosine,0.5,5,500,0.07192297,0.59983329739328,9
595,40,20,cosine,0.5,5,600,0.031109968,0.553756837948789,5
596,40,20,cosine,0.5,5,700,0.032317825,0.561082950841918,5
597,40,20,cosine,0.6,2,300,0.040351614,0.537104086560085,11
598,40,20,cosine,0.6,2,400,0.046273187,0.562405705921374,11
599,40,20,cosine,0.6,2,500,0.044026624,0.548335911625736,12
600,40,20,cosine,0.6,2,600,0.05361548,0.568706602585953,12
601,40,20,cosine,0.6,2,700,0.05741093,0.579376642303016,12
602,40,20,cosine,0.6,3,300,0.058624376,0.549850525363066,13
603,40,20,cosine,0.6,3,400,0.04033385,0.563348111190085,12
604,40,20,cosine,0.6,3,500,0.056506887,0.560952853898708,12
605,40,20,cosine,0.6,3,600,0.054201994,0.566250713781778,12
606,40,20,cosine,0.6,3,700,0.052510362,0.506516580501766,13
607,40,20,cosine,0.6,4,300,0.050616488,0.519874465628941,12
608,40,20,cosine,0.6,4,400,0.049339563,0.526396328029276,12
609,40,20,cosine,0.6,4,500,0.05287006,0.555319161929696,12
610,40,20,cosine,0.6,4,600,0.055061415,0.599535193143964,12
611,40,20,cosine,0.6,4,700,0.059910744,0.549333316266472,12
612,40,20,cosine,0.6,5,300,0.056879975,0.555815408175028,12
613,40,20,cosine,0.6,5,400,0.05745976,0.523335791585519,12
614,40,20,cosine,0.6,5,500,0.053833637,0.540052793386916,12
615,40,20,cosine,0.6,5,600,0.053468265,0.551210270293042,12
616,40,20,cosine,0.6,5,700,0.056468494,0.535963938883454,12
617,40,20,cosine,0.7,2,300,0.05223716,0.552897349873438,13
618,40,20,cosine,0.7,2,400,0.04877659,0.539927101966666,13
619,40,20,cosine,0.7,2,500,0.05274026,0.533014623410112,13
620,40,20,cosine,0.7,2,600,0.031506088,0.532376324451478,10
621,40,20,cosine,0.7,2,700,0.056099944,0.570852179556964,13
622,40,20,cosine,0.7,3,300,0.051028606,0.515674288683341,13
623,40,20,cosine,0.7,3,400,0.047740307,0.519663524353478,13
624,40,20,cosine,0.7,3,500,0.051034782,0.518587781849446,14
625,40,20,cosine,0.7,3,600,0.05050543,0.563685493335413,12
626,40,20,cosine,0.7,3,700,0.05220925,0.532418693199227,12
627,40,20,cosine,0.7,4,300,0.052333172,0.561876060524418,12
628,40,20,cosine,0.7,4,400,0.0550943,0.542792628570894,13
629,40,20,cosine,0.7,4,500,0.059476305,0.541796129352977,12
630,40,20,cosine,0.7,4,600,0.046401396,0.529772341539633,12
631,40,20,cosine,0.7,4,700,0.048622914,0.537305390486763,13
632,40,20,cosine,0.7,5,300,0.0517399,0.512725468885701,14
633,40,20,cosine,0.7,5,400,0.054485183,0.547594394320526,14
634,40,20,cosine,0.7,5,500,0.054846965,0.531065314290918,13
635,40,20,cosine,0.7,5,600,0.050766278,0.508573985774444,14
636,40,20,cosine,0.7,5,700,0.050208695,0.544855670267886,13
637,40,30,cosine,0.5,2,300,0.053410158,0.533772896778862,5
638,40,30,cosine,0.5,2,400,0.030125776,0.604894904799741,2
639,40,30,cosine,0.5,2,500,0.029992368,0.604894904799741,2
640,40,30,cosine,0.5,2,600,0.06849517,0.637204574363846,7
641,40,30,cosine,0.5,2,700,0.030125776,0.604894904799741,2
642,40,30,cosine,0.5,3,300,0.030266989,0.519947998614947,3
643,40,30,cosine,0.5,3,400,0.070097394,0.574143560844627,7
644,40,30,cosine,0.5,3,500,0.0321521,0.60812494315497,3
645,40,30,cosine,0.5,3,700,0.032434754,0.548545654988385,3
646,40,30,cosine,0.5,4,300,0.07374592,0.489949911346067,8
647,40,30,cosine,0.5,4,400,0.06907856,0.559410973215667,8
648,40,30,cosine,0.5,4,700,0.06895931,0.589673240862693,8
649,40,30,cosine,0.5,5,300,0.070010215,0.581647352867443,7
650,40,30,cosine,0.5,5,400,0.06749849,0.516676046038365,8
651,40,30,cosine,0.6,2,300,0.053769868,0.580045631140132,12
652,40,30,cosine,0.6,2,400,0.050239135,0.574471382722033,11
653,40,30,cosine,0.6,2,500,0.059027925,0.559126870749661,12
654,40,30,cosine,0.6,2,600,0.052184295,0.591941276023019,14
655,40,30,cosine,0.6,2,700,0.042296622,0.555353690671527,11
656,40,30,cosine,0.6,3,300,0.056662276,0.551277804020431,12
657,40,30,cosine,0.6,3,400,0.045749407,0.544215518811537,11
658,40,30,cosine,0.6,3,500,0.05839547,0.57495701391091,12
659,40,30,cosine,0.6,3,600,0.05353556,0.551264880649514,13
660,40,30,cosine,0.6,3,700,0.054505955,0.561390782891026,12
661,40,30,cosine,0.6,4,300,0.053803667,0.581075646290126,12
662,40,30,cosine,0.6,4,400,0.051011518,0.534986007452757,12
663,40,30,cosine,0.6,4,500,0.05330761,0.539091953299607,12
664,40,30,cosine,0.6,4,600,0.056318752,0.592966897702727,12
665,40,30,cosine,0.6,4,700,0.042224135,0.531830565910301,12
666,40,30,cosine,0.6,5,300,0.04288624,0.532163817105889,12
667,40,30,cosine,0.6,5,400,0.05419592,0.502393598490445,13
668,40,30,cosine,0.6,5,500,0.042988792,0.531483581742164,11
669,40,30,cosine,0.6,5,600,0.051623646,0.567492426361758,12
670,40,30,cosine,0.6,5,700,0.04482874,0.572875522652283,13
671,40,30,cosine,0.7,2,300,0.052060936,0.531971027591939,14
672,40,30,cosine,0.7,2,400,0.05455682,0.577588221303646,13
673,40,30,cosine,0.7,2,500,0.050412644,0.530569788093256,13
674,40,30,cosine,0.7,2,600,0.04454785,0.547654338356456,12
675,40,30,cosine,0.7,2,700,0.049960077,0.543415078151571,13
676,40,30,cosine,0.7,3,300,0.045079824,0.557849911804936,12
677,40,30,cosine,0.7,3,400,0.052580133,0.554132218859667,13
678,40,30,cosine,0.7,3,500,0.049081028,0.532383668595684,13
679,40,30,cosine,0.7,3,600,0.052286226,0.515063339387594,13
680,40,30,cosine,0.7,3,700,0.04527255,0.529195931253407,12
681,40,30,cosine,0.7,4,300,0.045227047,0.547287941094907,12
682,40,30,cosine,0.7,4,400,0.04134898,0.551753280426375,13
683,40,30,cosine,0.7,4,500,0.056397315,0.55532125134003,13
684,40,30,cosine,0.7,4,600,0.05087353,0.520083846652356,13
685,40,30,cosine,0.7,4,700,0.048956532,0.519171220126056,13
686,40,30,cosine,0.7,5,300,0.051551968,0.55793330732424,14
687,40,30,cosine,0.7,5,400,0.04574808,0.50479554184141,13
688,40,30,cosine,0.7,5,500,0.051430758,0.587686161110383,15
689,40,30,cosine,0.7,5,600,0.044896953,0.508788398294187,13
690,40,30,cosine,0.7,5,700,0.054515764,0.529744871860218,13
691,50,10,cosine,0.5,2,300,0.061236233,0.631256079984419,11
692,50,10,cosine,0.5,2,400,0.062571056,0.645150761561431,11
693,50,10,cosine,0.5,2,500,0.06280127,0.633607086581503,10
694,50,10,cosine,0.5,2,600,0.06378469,0.63286805214378,11
695,50,10,cosine,0.5,2,700,0.05974127,0.634359866707782,10
696,50,10,cosine,0.5,3,300,0.06176524,0.567887624795503,11
697,50,10,cosine,0.5,3,400,0.05993145,0.631772003167626,10
698,50,10,cosine,0.5,3,500,0.065806516,0.623332119615274,11
699,50,10,cosine,0.5,3,600,0.052904587,0.603624333806296,9
700,50,10,cosine,0.5,3,700,0.06890382,0.563367204584799,13
701,50,10,cosine,0.5,4,300,0.062446333,0.552890952728545,12
702,50,10,cosine,0.5,4,400,0.06483779,0.558881171147515,11
703,50,10,cosine,0.5,4,500,0.06264255,0.599816961992483,11
704,50,10,cosine,0.5,4,600,0.07028897,0.497778697225603,12
705,50,10,cosine,0.5,4,700,0.05391521,0.58464503807543,9
706,50,10,cosine,0.5,5,300,0.06001898,0.561990367630614,11
707,50,10,cosine,0.5,5,400,0.061109107,0.578964017444101,11
708,50,10,cosine,0.5,5,500,0.052242815,0.601472600554562,9
709,50,10,cosine,0.5,5,600,0.068672955,0.529999563966501,13
710,50,10,cosine,0.5,5,700,0.060970183,0.538673252559144,11
711,50,10,cosine,0.6,2,300,0.055386286,0.55981756397561,13
712,50,10,cosine,0.6,2,400,0.05120618,0.555314009442659,12
713,50,10,cosine,0.6,2,500,0.05401061,0.557052853807933,13
714,50,10,cosine,0.6,2,600,0.046132863,0.561545776822719,11
715,50,10,cosine,0.6,2,700,0.051448677,0.562312663218664,12
716,50,10,cosine,0.6,3,300,0.05094012,0.523313413504655,12
717,50,10,cosine,0.6,3,400,0.054687414,0.553491255939528,12
718,50,10,cosine,0.6,3,500,0.05353128,0.522349037222169,12
719,50,10,cosine,0.6,3,600,0.049886253,0.527709106483033,13
720,50,10,cosine,0.6,3,700,0.04744333,0.514943061025938,13
721,50,10,cosine,0.6,4,300,0.057870306,0.571389841642626,12
722,50,10,cosine,0.6,4,400,0.05437389,0.534924891490759,13
723,50,10,cosine,0.6,4,500,0.044004265,0.49987567199761,12
724,50,10,cosine,0.6,4,600,0.05657086,0.560648042366914,12
725,50,10,cosine,0.6,4,700,0.0536085,0.568377368240856,13
726,50,10,cosine,0.6,5,300,0.05250725,0.523645874744611,12
727,50,10,cosine,0.6,5,400,0.0471951,0.501697752302626,12
728,50,10,cosine,0.6,5,500,0.04229031,0.505309713793005,12
729,50,10,cosine,0.6,5,600,0.04682764,0.551984387003087,12
730,50,10,cosine,0.6,5,700,0.057552762,0.529666644185714,12
731,50,10,cosine,0.7,2,300,0.053356975,0.556875841737234,13
732,50,10,cosine,0.7,2,400,0.043056563,0.57138923233985,13
733,50,10,cosine,0.7,2,500,0.050299328,0.545404790062828,13
734,50,10,cosine,0.7,2,600,0.04865879,0.566914285318831,13
735,50,10,cosine,0.7,2,700,0.051416624,0.568639532387712,14
736,50,10,cosine,0.7,3,300,0.051730074,0.524890896233654,13
737,50,10,cosine,0.7,3,400,0.047923584,0.52460645175887,13
738,50,10,cosine,0.7,3,500,0.052458264,0.551042629867668,13
739,50,10,cosine,0.7,3,600,0.05290848,0.537452724516747,14
740,50,10,cosine,0.7,3,700,0.0479861,0.541393888329546,11
741,50,10,cosine,0.7,4,300,0.05155654,0.529749818854349,13
742,50,10,cosine,0.7,4,400,0.04194377,0.508424713940429,12
743,50,10,cosine,0.7,4,500,0.043600056,0.521541231810482,12
744,50,10,cosine,0.7,4,600,0.04742189,0.549975757461433,12
745,50,10,cosine,0.7,4,700,0.052274197,0.541437753869698,13
746,50,10,cosine,0.7,5,300,0.04275135,0.511631477198521,13
747,50,10,cosine,0.7,5,400,0.048266694,0.529613940012513,13
748,50,10,cosine,0.7,5,500,0.044369724,0.507549757625642,13
749,50,10,cosine,0.7,5,600,0.0538864,0.520986622172934,13
750,50,10,cosine,0.7,5,700,0.050424375,0.52534150162069,13
751,50,20,cosine,0.5,2,300,0.07482601,0.559618762258972,10
752,50,20,cosine,0.5,2,400,0.03237301,0.644979591004705,5
753,50,20,cosine,0.5,2,500,0.033059,0.640027591195882,5
754,50,20,cosine,0.5,2,600,0.07624909,0.614982741034196,10
755,50,20,cosine,0.5,2,700,0.031201553,0.644979591004705,5
756,50,20,cosine,0.5,3,300,0.031463295,0.541601569871253,5
757,50,20,cosine,0.5,3,400,0.031413484,0.508545271224824,5
758,50,20,cosine,0.5,3,500,0.03169288,0.538772258039711,5
759,50,20,cosine,0.5,3,600,0.03124977,0.544604638695807,5
760,50,20,cosine,0.5,3,700,0.031462193,0.527873568133533,5
761,50,20,cosine,0.5,4,300,0.03164579,0.510889648101366,5
762,50,20,cosine,0.5,4,400,0.031657096,0.537143862719808,5
763,50,20,cosine,0.5,4,500,0.073173665,0.589104340081035,10
764,50,20,cosine,0.5,4,600,0.03164874,0.522513297886931,5
765,50,20,cosine,0.5,4,700,0.030485297,0.530714727659824,5
766,50,20,cosine,0.5,5,300,0.03150435,0.561056522338789,5
767,50,20,cosine,0.5,5,400,0.030326094,0.542224334707421,5
768,50,20,cosine,0.5,5,500,0.031078253,0.58178846430597,5
769,50,20,cosine,0.5,5,600,0.030975403,0.553756837948789,5
770,50,20,cosine,0.5,5,700,0.031218413,0.58178846430597,5
771,50,20,cosine,0.6,2,300,0.055333067,0.568106781602503,12
772,50,20,cosine,0.6,2,400,0.05433918,0.57380819753824,12
773,50,20,cosine,0.6,2,500,0.052469064,0.578382179052642,13
774,50,20,cosine,0.6,2,600,0.050401557,0.549201208078049,12
775,50,20,cosine,0.6,2,700,0.052259296,0.565253733789415,12
776,50,20,cosine,0.6,3,300,0.056605197,0.55606296801471,12
777,50,20,cosine,0.6,3,400,0.054551143,0.550928470405673,12
778,50,20,cosine,0.6,3,500,0.045385655,0.52838736353565,11
779,50,20,cosine,0.6,3,600,0.05371017,0.535287161100275,12
780,50,20,cosine,0.6,3,700,0.056383897,0.526976355844325,13
781,50,20,cosine,0.6,4,300,0.043276343,0.538688344275277,12
782,50,20,cosine,0.6,4,400,0.054506466,0.573372568200451,12
783,50,20,cosine,0.6,4,500,0.056380935,0.535492529877331,13
784,50,20,cosine,0.6,4,600,0.05175738,0.568366910693255,12
785,50,20,cosine,0.6,4,700,0.053010654,0.58818518030405,12
786,50,20,cosine,0.6,5,300,0.042186134,0.555607269260938,11
787,50,20,cosine,0.6,5,400,0.05268719,0.52509568774012,12
788,50,20,cosine,0.6,5,500,0.05377545,0.532354881302746,12
789,50,20,cosine,0.6,5,600,0.054834947,0.521671190837262,13
790,50,20,cosine,0.6,5,700,0.042595387,0.511859964792993,12
791,50,20,cosine,0.7,2,300,0.04986758,0.563833762250635,13
792,50,20,cosine,0.7,2,400,0.044560976,0.530780515344022,12
793,50,20,cosine,0.7,2,500,0.044750627,0.547041081269653,12
794,50,20,cosine,0.7,2,600,0.051737517,0.553236633413895,13
795,50,20,cosine,0.7,2,700,0.050318383,0.563672019130013,12
796,50,20,cosine,0.7,3,300,0.048082158,0.551622981967757,13
797,50,20,cosine,0.7,3,400,0.044589892,0.537666834573572,11
798,50,20,cosine,0.7,3,500,0.052258853,0.530824636197522,13
799,50,20,cosine,0.7,3,600,0.0531587,0.555861601088056,12
800,50,20,cosine,0.7,3,700,0.04985235,0.535376426927279,14
801,50,20,cosine,0.7,4,300,0.05066038,0.51043019457176,14
802,50,20,cosine,0.7,4,400,0.05212723,0.513273195387831,13
803,50,20,cosine,0.7,4,500,0.050549798,0.537569690754639,13
804,50,20,cosine,0.7,4,600,0.05458968,0.542078245597929,13
805,50,20,cosine,0.7,4,700,0.051996652,0.541419146942999,13
806,50,20,cosine,0.7,5,300,0.056272227,0.558632470577712,13
807,50,20,cosine,0.7,5,400,0.042302527,0.525107353655249,12
808,50,20,cosine,0.7,5,500,0.05299196,0.52357610174589,13
809,50,20,cosine,0.7,5,600,0.05168139,0.525941379147875,13
810,50,20,cosine,0.7,5,700,0.05109683,0.521101313420593,13
811,50,30,cosine,0.5,2,300,0.031544004,0.604894904799741,3
812,50,30,cosine,0.5,2,400,0.030125776,0.604894904799741,2
813,50,30,cosine,0.5,2,500,0.03005387,0.604894904799741,3
814,50,30,cosine,0.5,2,600,0.07120236,0.62401240469142,7
815,50,30,cosine,0.5,2,700,0.07164155,0.620041210217142,8
816,50,30,cosine,0.5,3,300,0.06791929,0.582403993314891,7
817,50,30,cosine,0.5,3,400,0.03184304,0.509997317438364,3
818,50,30,cosine,0.5,3,500,0.06343108,0.562383131831487,6
819,50,30,cosine,0.5,3,600,0.060218688,0.545992941428167,6
820,50,30,cosine,0.5,3,700,0.07088887,0.531116077195711,8
821,50,30,cosine,0.5,4,400,0.066382885,0.571684402447634,8
822,50,30,cosine,0.5,4,700,0.04187793,0.51743029861311,4
823,50,30,cosine,0.5,5,300,0.070693076,0.621052945354326,7
824,50,30,cosine,0.5,5,700,0.074048385,0.541500318518423,7
825,50,30,cosine,0.6,2,300,0.04842473,0.55440768819872,11
826,50,30,cosine,0.6,2,400,0.054081116,0.604357166880375,13
827,50,30,cosine,0.6,2,500,0.05613285,0.581137660782663,13
828,50,30,cosine,0.6,2,600,0.05448445,0.575256192385149,12
829,50,30,cosine,0.6,2,700,0.046631437,0.542405957106356,12
830,50,30,cosine,0.6,3,300,0.047323987,0.564700781751198,12
831,50,30,cosine,0.6,3,400,0.05186977,0.536658807980909,12
832,50,30,cosine,0.6,3,500,0.053591065,0.58131391305239,12
833,50,30,cosine,0.6,3,600,0.044618826,0.557562072732162,11
834,50,30,cosine,0.6,3,700,0.046174075,0.549743712777031,11
835,50,30,cosine,0.6,4,300,0.050852004,0.56522713086954,13
836,50,30,cosine,0.6,4,400,0.055694707,0.554807602447711,13
837,50,30,cosine,0.6,4,500,0.054079067,0.558970870963075,12
838,50,30,cosine,0.6,4,600,0.052251596,0.566892768571535,12
839,50,30,cosine,0.6,4,700,0.045221046,0.529796727777978,12
840,50,30,cosine,0.6,5,300,0.051250324,0.514835067733855,12
841,50,30,cosine,0.6,5,400,0.039284695,0.560930775060596,12
842,50,30,cosine,0.6,5,500,0.05651769,0.524819600572756,13
843,50,30,cosine,0.6,5,600,0.057587404,0.562144238263584,14
844,50,30,cosine,0.6,5,700,0.051530793,0.523428805546841,13
845,50,30,cosine,0.7,2,300,0.058683302,0.580611415965697,13
846,50,30,cosine,0.7,2,400,0.05098563,0.567855808358592,13
847,50,30,cosine,0.7,2,500,0.041705675,0.528855337925904,12
848,50,30,cosine,0.7,2,600,0.05306405,0.55227196077656,13
849,50,30,cosine,0.7,2,700,0.049562957,0.557498479839719,13
850,50,30,cosine,0.7,3,300,0.055243198,0.535687174895128,13
851,50,30,cosine,0.7,3,400,0.0547146,0.545145805901948,12
852,50,30,cosine,0.7,3,500,0.048128434,0.550832932657065,12
853,50,30,cosine,0.7,3,600,0.050830558,0.567263880527171,15
854,50,30,cosine,0.7,3,700,0.053737726,0.530642625139789,13
855,50,30,cosine,0.7,4,300,0.0500775,0.544222585272882,14
856,50,30,cosine,0.7,4,400,0.052563448,0.575658106567903,12
857,50,30,cosine,0.7,4,500,0.044137012,0.558719628306559,11
858,50,30,cosine,0.7,4,600,0.057733033,0.571684443165446,11
859,50,30,cosine,0.7,4,700,0.037464384,0.510010579086725,12
860,50,30,cosine,0.7,5,300,0.053325254,0.511727110742403,13
861,50,30,cosine,0.7,5,400,0.050344422,0.557498815742856,13
862,50,30,cosine,0.7,5,500,0.052981608,0.553698987226229,15
863,50,30,cosine,0.7,5,600,0.046820864,0.552178318518399,13
864,50,30,cosine,0.7,5,700,0.05233726,0.540705636333255,13
